full_name,phone,email,,,,,
Cecelia Stoltenberg Sr.,+1.780.957.8949,cristina25@example.net,,,,,
Abdiel Lesch,598-454-5843,clair.okon@example.org,,,,,
Sally Medhurst,(929) 968-8847 x1072,rschamberger@example.com,,,,,
Ms. Brielle Mohr Jr.,898.913.2180 x921,vkeebler@example.com,,,,,
Ardith Nicolas PhD,(617) 954-6764,sbednar@example.org,,,,,
Shanna Ziemann I,669.509.1155 x9868,quinn18@example.net,,,,,
Miss Marcelle Strosin IV,(719) 995-8146,audie41@example.net,,,,,
Prof. Leta Fritsch DVM,217.791.9147,wolff.greg@example.org,,,,,
Miss Onie Lockman,(832) 861-0827 x1535,yvolkman@example.org,,,,,
Aaliyah Kris,(616) 919-6442 x55691,era79@example.com,,,,,
Oswaldo Cole,14564940947,jayce39@example.org,,,,,
Valentina Schuppe,682.235.9799 x051,purdy.junius@example.org,,,,,
Enid Hammes,1-757-934-7508,ylangworth@example.org,,,,,
Reyes Kris,16077569251,weber.serenity@example.net,,,,,
Camilla Shields DDS,-2986,eleanora07@example.net,,,,,
Mr. Ezra Larson PhD,1-398-919-1095,coleman.turner@example.org,,,,,
Dax Vandervort,579-707-2868 x88593,oosinski@example.com,,,,,
Dr. Elias Bernhard,926.832.6115 x1877,reid.feeney@example.org,,,,,
Talia Weissnat,(510) 531-3563 x1715,wratke@example.net,,,,,
Drew Daugherty,(367) 620-9760 x4561,easton.thiel@example.com,,,,,
Prof. Ludie Okuneva,(408) 979-4205 x919,eladio.lang@example.org,,,,,
Dr. Shania Quigley IV,1-487-440-6126,petra42@example.com,,,,,
Alisa Heidenreich,-10928,nia69@example.com,,,,,
Koby Lueilwitz,298-917-3939,qmarquardt@example.net,,,,,
Mertie Treutel,-10331,hkuhn@example.com,,,,,
Ms. Frieda Auer I,-1272,bernadette.cartwright@example.org,,,,,
Veronica Feest,815-350-4950 x5153,oboyle@example.net,,,,,
Mr. Rolando Rohan,1-242-609-1498,issac.mcglynn@example.net,,,,,
Danny Schneider,(638) 973-2401 x9762,bernard56@example.net,,,,,
Prof. Raina Dietrich,219-309-9882 x2401,derek.weber@example.org,,,,,
Ressie Torp,(252) 810-9738 x101,pasquale.kuphal@example.org,,,,,
Reece Baumbach,-1315,zoila.reilly@example.net,,,,,
Mr. Sanford Johns III,506.931.1898,meghan.skiles@example.org,,,,,
Mr. Jamel Langworth,632.423.5757,tremblay.rhiannon@example.com,,,,,
Rebeka Turcotte Jr.,885.981.7399 x3758,cory03@example.com,,,,,
Miss Brionna Corkery,(386) 982-0436 x70687,alessia79@example.org,,,,,
Prof. Elta Osinski MD,1-930-620-9831 x39843,kunde.isac@example.com,,,,,
Georgiana Pagac,898.276.4701 x647,pgutmann@example.net,,,,,
Dr. Colby Emard,(459) 806-0438 x30016,isabell.friesen@example.com,,,,,
Grady Rowe,1-843-501-9814 x37344,iemmerich@example.org,,,,,
Ardith Schmitt DVM,+1 (732) 489-2792,lwilkinson@example.org,,,,,
Mr. Trystan Waters III,928.350.9277 x8663,jhartmann@example.com,,,,,
Fiona Frami,1-437-563-1543 x5402,lockman.bradly@example.org,,,,,
Garett Rowe DVM,-11606,jarrod09@example.org,,,,,
Courtney Kirlin,12972685183,shakira.stamm@example.net,,,,,
Dr. Eriberto Rutherford,(508) 815-1612 x4090,jarred73@example.org,,,,,
Maurine Keeling,1-892-268-2407,lesly70@example.com,,,,,
Brisa Kutch,(556) 597-6554 x90120,hollie51@example.com,,,,,
Reyes Stroman,-4924,uhalvorson@example.net,,,,,
Renee Wiza DDS,1-838-890-2883,anais.kuphal@example.org,,,,,
Leda Casper,421.241.5689 x998,usporer@example.org,,,,,
Amely Parisian,(705) 579-4767 x62884,pondricka@example.org,,,,,
Granville Shanahan,396.512.3439,obailey@example.org,,,,,
Lloyd Walker IV,557-484-1866,noe45@example.com,,,,,
Kelli Schmidt,995-848-5102 x8534,cindy.little@example.org,,,,,
Jessie Block,465-466-2197,keith88@example.com,,,,,
Jedidiah Strosin,1-765-928-1394 x47763,moore.claude@example.org,,,,,
Ernie Nikolaus,(547) 242-2612 x070,schmidt.letitia@example.org,,,,,
Nelda Mueller,(979) 481-3327,wilton.swaniawski@example.org,,,,,
Prof. Kip Waters,(356) 914-3145,monty60@example.com,,,,,
Leatha Cremin III,(639) 671-3829,carter.davonte@example.org,,,,,
Brandi Schaefer,-5406,qterry@example.com,,,,,
Verda Gerhold,507.357.9154,spencer.yvette@example.org,,,,,
Lucy Watsica IV,1-841-547-1294 x432,predovic.rosalinda@example.net,,,,,
Vivian Langworth,570.762.5026 x49996,zfarrell@example.net,,,,,
Prof. Zackary Balistreri Sr.,1-369-642-6487,dillon.considine@example.net,,,,,
Geovanni Hilpert,1-716-757-3334,lesch.duane@example.org,,,,,
Dr. Troy Harber,1-531-439-8029,iconsidine@example.org,,,,,
Quincy Sanford,1-960-485-5886 x69409,crystal.streich@example.net,,,,,
Eli DuBuque,17505760011,boyer.kiana@example.org,,,,,
Yazmin Schmidt IV,1-258-456-1920 x7046,joaquin.bauch@example.com,,,,,
Ashlee Lesch MD,895-834-4663,btorp@example.org,,,,,
Rowan Hackett,602-959-5088 x05418,athena65@example.org,,,,,
Odie Witting,801.527.6913,hackett.marques@example.net,,,,,
Raul Johnston,912-737-9185 x72872,sanford.jackeline@example.org,,,,,
Prof. Ariel Schmeler IV,1-336-249-9850 x79533,berge.jarred@example.com,,,,,
Prof. Ulises Kub DVM,(730) 354-3218,mann.eva@example.net,,,,,
Ms. Ardith Heaney Sr.,984-403-8994,bbuckridge@example.net,,,,,
Zack Barton III,18486549969,garnett29@example.net,,,,,
Cody Daugherty,(886) 862-2591,mohammad.bartell@example.net,,,,,
Georgette Jenkins,(506) 794-4377 x73023,zkunde@example.net,,,,,
Cade Daniel,17104408523,wilber63@example.com,,,,,
Dr. Dandre Rowe PhD,717.355.6764,gino.mcclure@example.com,,,,,
Neha Reynolds,-2909,cummerata.eda@example.com,,,,,
Godfrey Rowe,421.373.6376 x9951,nitzsche.trace@example.net,,,,,
Dr. Pink Torp,839-773-2362,fcassin@example.com,,,,,
Shanelle Ledner PhD,302.465.9321 x360,gerhold.neal@example.org,,,,,
Bret Rodriguez,237.544.8556 x9230,spfeffer@example.com,,,,,
Shea Runolfsdottir,18018347239,gschultz@example.org,,,,,
Dustin Reichel,219.279.1210 x69684,luis.brown@example.com,,,,,
Piper Ankunding,1-569-379-3998 x52539,louvenia78@example.org,,,,,
Harry Breitenberg,1-984-683-0960,thintz@example.net,,,,,
Miller Stracke,249-378-1290 x58014,edmund19@example.net,,,,,
Dr. Jacynthe Barton,1-939-720-3577,tyra41@example.org,,,,,
Mr. Zakary Walker Sr.,612-979-9431 x29139,mkilback@example.org,,,,,
Dr. Vincenzo Pfeffer,-2298,gbaumbach@example.net,,,,,
Antwon Fisher,657.953.7710 x062,derick.gleichner@example.com,,,,,
Selena Kautzer,851.668.0147,greyson23@example.net,,,,,
Lee Rolfson,383.671.0390 x2152,mkutch@example.org,,,,,
Letitia Lindgren,+1.954.981.5049,ullrich.nyasia@example.org,,,,,
Dr. Carlotta Beatty,(865) 495-1335 x531,alycia93@example.org,,,,,
Guillermo Witting,(637) 918-3003 x7711,tledner@example.net,,,,,
Annie Kertzmann DVM,(978) 866-6053,mozell34@example.com,,,,,
Ken Dooley,(847) 855-3929 x658,doyle.alda@example.net,,,,,
Stanley Herman,+1.829.882.8846,buck.huels@example.net,,,,,
Hillard Kuhlman,1-859-698-7635 x1199,rfisher@example.com,,,,,
Muhammad Erdman,-6339,wheller@example.org,,,,,
Robyn Parker,1-472-607-2904,pvolkman@example.net,,,,,
Jody Mohr MD,440.937.7084,kuhlman.dina@example.org,,,,,
Queen Robel DVM,838.401.3997 x24730,terry.shaun@example.com,,,,,
Ms. Otha Kozey,637-853-9025,julia.gutkowski@example.org,,,,,
Orland Zemlak II,1-415-643-9715,christiansen.lorine@example.org,,,,,
Ms. Claudine Towne II,(579) 332-3677,wmarquardt@example.com,,,,,
Carter Harvey,(204) 625-9868,tanya.feil@example.com,,,,,
Liza Farrell,1-581-743-7420,wokeefe@example.org,,,,,
Mrs. Nichole Baumbach,264.545.4323 x3326,emmalee52@example.com,,,,,
Ms. Reta Feest,986-334-3634 x53307,pbradtke@example.net,,,,,
Prof. Albina Runolfsson,(253) 416-8385 x512,llind@example.org,,,,,
Edd McLaughlin,976-664-0408 x63662,stefanie25@example.org,,,,,
Travis Torphy,654-619-1446 x458,rosamond10@example.com,,,,,
Jeremy Heaney,(582) 415-5179,xbeatty@example.org,,,,,
Will Reynolds,1-606-407-0138 x361,frami.tiana@example.org,,,,,
Dr. Shanna Ratke,(768) 795-5938,kathleen52@example.org,,,,,
Jayne Stark,+1.665.564.4792,schmitt.gaetano@example.com,,,,,
Stephania Weber,-3142,mertz.alfredo@example.com,,,,,
Bennie Lowe,17093248798,fsmith@example.net,,,,,
Mrs. Sunny Wunsch,1-628-266-8613 x01752,opfannerstill@example.com,,,,,
Luna Price,408-901-4792,okoch@example.net,,,,,
Elaina Runte,617.370.8569,goldner.hollis@example.net,,,,,
Genoveva Stehr,621.507.3466 x379,wilma78@example.com,,,,,
Joanne Casper,1-969-977-4474,leffler.ayla@example.net,,,,,
Noemi Weber DDS,+1 (867) 699-9269,estella01@example.org,,,,,
Tyrell Wisozk,(235) 492-0785 x27951,wintheiser.johan@example.net,,,,,
Jany Dare,845-829-6245 x0100,cicero.macejkovic@example.com,,,,,
Daphney Shanahan II,471.994.2980 x1499,lisandro.senger@example.org,,,,,
Jackie Corwin,913.360.7664 x08467,kiehn.bette@example.com,,,,,
Alessandra Moore,19747270941,myra.steuber@example.net,,,,,
Fredrick Larkin,870-627-6193,abbott.tianna@example.net,,,,,
Amie Heaney I,1-686-590-3751 x568,tblick@example.com,,,,,
Mr. Maximillian Kozey II,650.632.9740 x308,von.elfrieda@example.net,,,,,
Ms. Ila Abernathy MD,803-510-7694 x494,zula04@example.org,,,,,
Damien Spencer,-5474,krajcik.macy@example.com,,,,,
Felicita Von,985.258.7089 x5957,eva79@example.org,,,,,
Dr. Korey Mertz DDS,1-449-305-1260 x65753,lherzog@example.com,,,,,
Romaine Metz,1-983-895-7477 x45145,verdie50@example.com,,,,,
Daisy Bayer,1-774-592-9704 x01146,jammie19@example.net,,,,,
Miss Emely Little,913-537-2882 x73897,barton.kamren@example.org,,,,,
Larue Dach,825-560-7596,declan.prosacco@example.net,,,,,
Katheryn McGlynn,229.384.2567,rogahn.adelbert@example.org,,,,,
Marcus Wunsch,15348192921,ernesto01@example.net,,,,,
Vincenzo Kuhn,558-624-4993,kristy72@example.org,,,,,
Maritza Witting,+1.620.639.1982,hank46@example.com,,,,,
Erna Koss,832-463-2616,russel36@example.org,,,,,
Hertha Schaefer DDS,17213350534,emmitt87@example.com,,,,,
Madilyn Schinner,658-393-2320 x863,schmeler.garland@example.net,,,,,
Nia Bogisich,635.403.0455,feil.shad@example.net,,,,,
Leo Rau MD,738.459.1369 x45570,davon38@example.net,,,,,
Prof. Louie Mertz I,482.256.3002 x9389,kaci43@example.com,,,,,
Prof. Sarina Kuphal DDS,+1 (530) 421-6710,jcollier@example.org,,,,,
Mrs. Alanna O'Conner DVM,363-370-5823,kiley60@example.org,,,,,
Katarina Metz,215-461-9260,margarett.lang@example.net,,,,,
Bradford Hand Jr.,946.549.4014 x34353,collins.loma@example.org,,,,,
Lisette Trantow,702.494.8906,rutherford.stuart@example.org,,,,,
Mrs. Maye Abbott Sr.,+1.953.771.0753,eschultz@example.net,,,,,
Dina McCullough,309.690.8483,edwin.deckow@example.com,,,,,
Dr. Lillie Raynor I,284.871.8692 x0264,lempi24@example.com,,,,,
Kristin Bashirian,1-663-886-5100,yvette94@example.net,,,,,
Dr. D'angelo Hyatt I,828.809.0086,zsipes@example.org,,,,,
Cole Hermann,1-405-666-3524 x12575,harold74@example.com,,,,,
Miss Cynthia Rolfson,1-969-692-6869 x52391,hstanton@example.com,,,,,
Kennedy Walter Sr.,831.370.0101,erica.jacobson@example.org,,,,,
Mr. Leonel Hagenes DDS,(448) 434-9358 x72182,reynold49@example.com,,,,,
Ruthe Jast,18919743263,oconnell.garth@example.com,,,,,
Magnus Baumbach,(290) 852-8358,bparker@example.com,,,,,
Prof. Layne Nitzsche Jr.,380.293.7084,cpadberg@example.org,,,,,
Dr. Ally Friesen IV,923.232.7527,stanley77@example.net,,,,,
Simone Dicki,887-633-5997,kmann@example.org,,,,,
Mr. Brenden Bogisich,(981) 697-2757,braeden.stamm@example.net,,,,,
Fredrick Wolf,439-832-5521,kaci65@example.org,,,,,
Olen Pacocha I,(230) 727-3996 x4167,kareem.hoppe@example.org,,,,,
Rudolph Schumm,-9511,will.boyle@example.org,,,,,
Rolando Corkery,(676) 748-1789 x816,cgrimes@example.org,,,,,
Jazmyn Schaden,1-860-221-9039 x61493,grimes.triston@example.org,,,,,
Amari Kris,693-887-2892 x0168,idella.simonis@example.com,,,,,
Augustus Mayer,1-754-654-6028 x032,joanne.gerhold@example.org,,,,,
Ian Bosco,841-581-6472 x4053,jleuschke@example.org,,,,,
Ms. Maeve Bednar DVM,(882) 720-5546 x75549,chelsey.leffler@example.net,,,,,
Annabell Lehner,(740) 318-5905 x1603,raoul18@example.com,,,,,
Neal Streich,1-805-953-7351 x0582,zlakin@example.org,,,,,
Mrs. Meggie Windler DVM,-6013,albertha.yost@example.net,,,,,
Marcia Mohr I,(384) 748-5839 x0774,rippin.rickie@example.com,,,,,
Arvel Dare Sr.,1-851-218-5271 x261,gthiel@example.com,,,,,
Buck Hilpert,456-304-7995,izabella24@example.com,,,,,
Una Moen,759.966.5738 x369,stokes.aidan@example.net,,,,,
Katarina Herman Jr.,1-494-400-0883 x4068,uschoen@example.com,,,,,
Eleazar Hagenes,+1.953.803.4305,malinda.sanford@example.org,,,,,
Rosella Moore,(691) 343-1434,pwalter@example.net,,,,,
Jettie Tillman Jr.,318-719-7146,therese38@example.com,,,,,
Michaela Hartmann IV,-6582,schuppe.roman@example.net,,,,,
Maxine Howe,647.405.0169,alarkin@example.org,,,,,
Mrs. Kasey Zulauf V,973.871.1195,khermiston@example.com,,,,,
Narciso Hand,745-327-5632,daniel.murphy@example.net,,,,,
Deshawn Kreiger,-2742,jenkins.lolita@example.org,,,,,
Burdette Brown,832-927-0914,rnicolas@example.com,,,,,
Marilyne Purdy,283-846-2671 x7415,ian.brakus@example.org,,,,,
Athena Mayert III,1-819-531-8196 x0877,rebert@example.org,,,,,
Mr. Austen Weissnat DDS,(610) 648-5554,julie.gibson@example.org,,,,,
Meredith Bode,285-838-0435 x5788,lschulist@example.org,,,,,
Karelle Pouros,987.354.4972 x0125,ikub@example.com,,,,,
Athena Prosacco,1-295-964-9023,name21@example.com,,,,,
Emmanuel VonRueden MD,397.853.1945 x082,dolly10@example.org,,,,,
Ms. Dovie Skiles,726.399.6951,kassulke.eusebio@example.net,,,,,
Joey Baumbach,679.926.9655 x809,bradford85@example.net,,,,,
Stephania Parker,-9920,gerry42@example.com,,,,,
Randall Hackett IV,19072407651,jkeebler@example.com,,,,,
Lauren Maggio,+1 (836) 796-4308,mona20@example.com,,,,,
Mr. Emery Kshlerin,+1 (436) 232-3524,isaiah.stiedemann@example.com,,,,,
Helga Turcotte,-6875,wreynolds@example.org,,,,,
Dr. Barrett Carroll,1-607-296-5346,xhamill@example.net,,,,,
Joelle Conroy,1-889-214-2439 x01256,jcorwin@example.org,,,,,
Dr. Providenci Wunsch,621.218.5191 x58713,doyle.carli@example.com,,,,,
Myra Keeling,282-226-6145 x7360,fabian.roberts@example.org,,,,,
Jesus Huels,939-639-4258,lind.dwight@example.net,,,,,
Freddy Bogisich,482-322-3379 x8071,daugherty.randy@example.org,,,,,
Guiseppe Hudson V,462.932.7980 x8517,mandy.kiehn@example.net,,,,,
Miss Bailee O'Keefe DDS,(428) 810-2034 x985,jayda.gutmann@example.com,,,,,
Terry Dickinson,836.817.9556,kadams@example.org,,,,,
Gerson Jones,+1 (251) 582-3469,lora.emard@example.net,,,,,
Prof. Hildegard Mertz,(310) 680-8968,boyer.gregg@example.net,,,,,
Florence Gutkowski,1-435-834-8881 x893,margarete70@example.net,,,,,
Loma Johnston,1-503-401-8022,jlittel@example.com,,,,,
Ova VonRueden,1-579-777-4132 x48966,franecki.howell@example.org,,,,,
Mabel Runolfsson,1-593-265-2990,melyna20@example.org,,,,,
Kitty Upton,1-496-786-2455 x71194,xgraham@example.net,,,,,
Tracey Crona I,+1 (967) 481-4387,jaquan30@example.com,,,,,
Rylan Dickinson,469.499.2636 x184,bergstrom.dovie@example.net,,,,,
Pierre Tillman,887-896-3990,dakota49@example.org,,,,,
Mr. Royal Streich,1-997-257-3626 x831,kunde.gretchen@example.net,,,,,
Lindsey Gleason,-9225,jkemmer@example.com,,,,,
Retta Lemke,854-618-9287 x10239,verla.wisoky@example.net,,,,,
Shanel McClure,1-365-689-2751 x8974,jordane68@example.net,,,,,
Alda Hegmann,+1 (998) 309-3586,orland19@example.org,,,,,
Laurine Dietrich,557.205.4849 x9778,donnell.murphy@example.net,,,,,
Jermaine Nader,1-853-509-4618,kschimmel@example.com,,,,,
Carson Mertz,754-788-2502,wilma44@example.org,,,,,
Aaliyah Kihn,465.918.2416 x6060,saul.koch@example.org,,,,,
Jordane Cormier V,543-232-1285 x6542,angelica.hamill@example.org,,,,,
Adrienne Torp,371.439.4501,tyree.hayes@example.org,,,,,
Alaina Kuvalis MD,-2819,hoeger.eli@example.com,,,,,
Mrs. Verlie Gusikowski,+1 (438) 490-9343,ella.zieme@example.net,,,,,
Dr. Irving Gutkowski III,(948) 538-1720,buster29@example.org,,,,,
Dr. Bethany Bogisich I,+1 (302) 608-8166,mschulist@example.org,,,,,
Mr. Skylar Johns PhD,(914) 991-5976 x8961,pkulas@example.com,,,,,
Nona Kulas,+1 (636) 406-5181,karen.glover@example.org,,,,,
Dion Rempel,1-697-623-5729 x69252,hkiehn@example.org,,,,,
Rebeka Spencer,805-592-6928 x237,eduardo16@example.org,,,,,
Khalil Gusikowski,(624) 302-2748 x622,cbrakus@example.org,,,,,
Zakary Gaylord,1-942-568-8671,ohara.armani@example.org,,,,,
Casimer Williamson DDS,556.541.8644,ali.rolfson@example.org,,,,,
Sierra Kovacek,(372) 602-9865 x44100,kling.jazmyn@example.net,,,,,
Miss Assunta Hermiston DDS,876.817.3452 x14895,bechtelar.annabell@example.com,,,,,
Andreanne Orn DVM,769-656-3600 x4638,pierre.moore@example.com,,,,,
Maud Ortiz,587.630.3651,holly97@example.net,,,,,
Carter Bergstrom,908-796-7474 x3338,ghoeger@example.net,,,,,
Prof. Aurelio Corwin Sr.,523.235.2366,price.kelsi@example.com,,,,,
Caitlyn Sporer,732.547.4576,adelle.schaden@example.net,,,,,
Mr. Andre Reynolds,301.820.7094 x12084,kohler.selena@example.org,,,,,
Caitlyn Haag,585.503.4320,bechtelar.emmie@example.com,,,,,
Prof. Vilma Kutch,(678) 422-0244 x37251,josue.rice@example.org,,,,,
Anya Mertz,(684) 487-4662,nbosco@example.com,,,,,
Abner McClure,1-732-929-6030 x85080,klang@example.org,,,,,
Jamie Deckow,-4206,stephen49@example.net,,,,,
Helen Barton IV,510.833.7224,isai.batz@example.com,,,,,
Declan Labadie,594-792-4579,fstrosin@example.org,,,,,
Roel Heaney,(779) 202-4741,rolfson.reagan@example.com,,,,,
Clarabelle Macejkovic III,-2507,ikoch@example.net,,,,,
Elwyn Shanahan,(239) 577-1015,laverna.jerde@example.org,,,,,
Helene Jaskolski,+1 (898) 570-8748,coty81@example.net,,,,,
Fermin Walker,1-540-837-1592 x060,kautzer.kamren@example.net,,,,,
Dr. Nigel Lowe,1-556-242-3071 x60365,betsy30@example.org,,,,,
Stephania Mann,1-759-491-3610 x59873,abahringer@example.org,,,,,
Hubert Schmeler,+1.752.876.1341,emmerich.sonia@example.net,,,,,
Sid Gislason V,1-349-931-5123,rice.jensen@example.org,,,,,
Foster Orn,1-370-248-5376,sawayn.christa@example.com,,,,,
Ms. Dolores Hammes,1-507-700-0976,craynor@example.org,,,,,
Brycen Pfeffer,(357) 213-2394,wward@example.net,,,,,
Herta Connelly,(895) 262-6523,gmante@example.com,,,,,
Asha Witting,1-593-547-7061 x8700,xpouros@example.com,,,,,
Gerry Williamson,(938) 816-2087,brekke.adolph@example.org,,,,,
Asha Prohaska V,1-671-327-9191 x5649,xstamm@example.org,,,,,
Tessie Abbott,738-927-9531 x74171,yost.candido@example.com,,,,,
Marcella O'Kon Sr.,263-527-4023,ankunding.avis@example.net,,,,,
Prof. Eloisa Halvorson,-8563,shyanne.cronin@example.com,,,,,
Vidal Rowe II,639.274.2769,monty.funk@example.org,,,,,
Jerald Lakin,1-737-455-2428 x348,micheal64@example.com,,,,,
Coralie Lang IV,1-864-208-4370,reva19@example.org,,,,,
Miss Gerda Rodriguez,225-984-7786 x57657,christophe.pfannerstill@example.net,,,,,
Miss Eldridge Bartell,769.429.1771 x21436,branson06@example.com,,,,,
Prof. Audie Lubowitz,(205) 747-4341,therman@example.net,,,,,
Mr. George Willms,795-636-1463,janet68@example.org,,,,,
Shana Auer,(479) 909-0040 x8825,maggio.titus@example.net,,,,,
Miss Deborah Heidenreich,1-293-855-8684 x13456,ryann90@example.net,,,,,
Kitty Rutherford,(249) 576-8471,hickle.kali@example.org,,,,,
Prof. Kaleigh Haag IV,+1 (606) 613-6244,rmarquardt@example.com,,,,,
Arnulfo Kuphal,-5201,salvador.heller@example.com,,,,,
Prof. Gabrielle Spinka,790-636-5815,chester.flatley@example.org,,,,,
Miss Delphine Kub,(327) 771-3873 x70902,jacobi.imelda@example.net,,,,,
Charity Kling,1-642-752-5143,conroy.willa@example.org,,,,,
Stephany Fay,907-790-5437 x9325,beier.lacy@example.com,,,,,
Mario Swaniawski,1-378-684-6640,stehr.nolan@example.org,,,,,
Mr. Dusty Herzog IV,530-205-1738,elliott.harvey@example.net,,,,,
Prof. Enid Fay,-6491,dach.jeremie@example.org,,,,,
Ozella Treutel,1-619-206-9773,cristal20@example.com,,,,,
Mr. Charlie Altenwerth,(308) 448-0790,mabel.kerluke@example.org,,,,,
Mr. Tristian Kuhn,598-841-0559,nmante@example.net,,,,,
Miss Brielle Reinger,550-513-7613 x936,erling.cormier@example.net,,,,,
Karolann Bergnaum,1-437-246-6132 x2106,king.becker@example.net,,,,,
Celine Rohan,924.446.6293,west.joanny@example.org,,,,,
Thea Nader,1-553-289-7763,alexanne.sporer@example.net,,,,,
Ford VonRueden,+1.615.262.1119,gleason.marcelina@example.net,,,,,
Sydnie Kohler I,(795) 481-4866 x81348,jordane.harber@example.net,,,,,
Gage Gislason V,1-265-864-8225 x22525,alf.trantow@example.net,,,,,
Sam Corwin,(838) 936-8134 x782,una45@example.com,,,,,
Chadd Eichmann DVM,991.971.6188 x7782,eriberto58@example.org,,,,,
Concepcion Fay,750-480-5626,susan33@example.org,,,,,
Peggie Blick,18293143305,denesik.brandi@example.org,,,,,
Robert Powlowski,1-364-709-7872 x17510,buckridge.roel@example.com,,,,,
Dr. Fae Considine,1-632-630-3271,bruen.verla@example.net,,,,,
Ryan Von,(816) 730-4233 x686,kparker@example.org,,,,,
Dr. Garland Huels DDS,318.281.5227 x757,lindgren.terrence@example.net,,,,,
Alysha Heidenreich DDS,+1 (558) 872-8574,beer.alfredo@example.net,,,,,
Prof. Marilie Berge,13032982309,sage01@example.com,,,,,
Esmeralda Kris,629-995-9527 x71840,ipaucek@example.com,,,,,
Maye Murazik,841.685.5906,eryn42@example.net,,,,,
Jessica Romaguera,14053516061,amelia.jerde@example.org,,,,,
Rhoda Hettinger,1-526-920-8055 x53409,obotsford@example.org,,,,,
Libbie Goldner DDS,13262480743,brittany.lowe@example.net,,,,,
Florencio Hayes,304-820-6629 x85408,rhuels@example.com,,,,,
Lavada Brakus,957-448-9210,lowe.elijah@example.org,,,,,
Mr. Oswald Ryan III,1-580-353-1859 x46120,zoey.blick@example.net,,,,,
Prof. Davon Schaefer,478.487.1068,chester13@example.net,,,,,
Thurman Skiles,1-531-426-2350,marisa08@example.org,,,,,
Leone Kling MD,(726) 369-8635,vella.ritchie@example.org,,,,,
Paula Hill,(928) 669-6726,zaria30@example.net,,,,,
Mireille Stokes Sr.,17719449113,ghuels@example.net,,,,,
Dr. Kaleigh Dicki Sr.,396.902.4882,zaria.dicki@example.org,,,,,
Mrs. Delilah Roberts I,1-869-925-8834,ikirlin@example.org,,,,,
Albin Shields,(681) 617-7018,pmayert@example.org,,,,,
Dr. Nellie Kiehn I,943-498-5387,rebeka.waters@example.org,,,,,
Mckenna Orn,1-829-227-9494,jarod.strosin@example.org,,,,,
Dr. Shawn Robel,+1 (886) 225-0797,ldach@example.net,,,,,
Raleigh Bauch IV,719-833-6304 x1488,keon92@example.net,,,,,
Prof. Genevieve Reynolds MD,818-498-1380 x9359,rhea29@example.com,,,,,
Myles Waters,257.297.9237,conrad.turcotte@example.org,,,,,
Dr. Lou Sporer DVM,874.613.0104,hoppe.jaylen@example.com,,,,,
Hayley McDermott,-1810,wspinka@example.net,,,,,
Prof. Elbert Grimes IV,346-945-4306 x096,vidal.jacobs@example.net,,,,,
Dagmar Jast,223-987-3480 x225,olson.autumn@example.org,,,,,
Ms. Casandra Borer,662-222-9464 x487,keeley.abernathy@example.net,,,,,
Jaida Halvorson,541-624-5002,qsawayn@example.com,,,,,
Rupert Quigley,352.212.9013 x7999,curtis33@example.com,,,,,
Zella Schultz DDS,(202) 877-6209 x981,aryanna75@example.net,,,,,
Prof. Cornelius Bechtelar,-9573,mafalda.stoltenberg@example.org,,,,,
Dr. Virgie Bartoletti Jr.,321.520.8113 x326,mosciski.milton@example.com,,,,,
Dr. Janie Kerluke IV,1-695-887-1929 x860,horacio.weber@example.net,,,,,
Lamont Towne,(570) 502-4982 x9400,general.schaefer@example.com,,,,,
Gage Kunze,969.882.1280 x88680,eve.rohan@example.org,,,,,
Ms. Kristy Russel,(889) 279-6277 x0350,rstark@example.net,,,,,
Charity Pouros MD,518.715.7991,keeling.elwin@example.org,,,,,
Porter Roberts,639.424.2048 x51216,mertz.mike@example.com,,,,,
Dr. Luciano Dickens I,+1.841.278.9569,xbradtke@example.net,,,,,
Prof. Kaci Ankunding V,1-478-346-9529 x93034,pkessler@example.org,,,,,
Jaydon Kozey,215.449.7429 x52938,funk.madalyn@example.org,,,,,
Ernestina Terry,517-535-5109 x73938,makenzie.heaney@example.org,,,,,
Kenton Hettinger,556.379.1469 x790,deonte61@example.org,,,,,
Katlynn Weber MD,1-619-218-3698,hcrist@example.net,,,,,
Dr. Kitty Baumbach,-5700,batz.clarabelle@example.net,,,,,
Mrs. Katheryn Von III,263.531.2467,domenick20@example.net,,,,,
Ibrahim Swift,1-209-616-4589 x741,jeffery00@example.org,,,,,
Rebecca Lowe,845-672-8988 x64223,emoen@example.net,,,,,
Kasandra Schultz,-3373,victoria.rempel@example.com,,,,,
Telly Rath,+1.912.403.4554,maymie69@example.net,,,,,
Jaleel McKenzie,287.426.6147,jmarks@example.org,,,,,
Gaylord Johnston,1-914-823-1416 x78449,eichmann.zoe@example.net,,,,,
Ms. Roslyn Kohler V,794-861-3244 x671,ebert.eleazar@example.com,,,,,
Reilly Hartmann,(747) 237-4287,cruickshank.esteban@example.org,,,,,
Antonia Zulauf,990-496-4794,hand.allan@example.net,,,,,
Declan Mertz,(531) 739-2226,nader.demond@example.net,,,,,
Jeramie Kemmer II,(882) 238-5483,vivianne.gibson@example.com,,,,,
Aurelio Douglas IV,546-375-4474,carter.hermann@example.net,,,,,
Luella Christiansen,1-724-940-4476,hollie.lubowitz@example.net,,,,,
Ms. Makenzie Ryan DVM,642.765.3193,wrunolfsdottir@example.net,,,,,
Noe Bins,+1.232.429.6812,audra.bauch@example.com,,,,,
Mrs. Sabryna Lowe,1-706-870-5469 x88823,iroob@example.org,,,,,
Coy Sipes,278.826.9609,ischaefer@example.com,,,,,
Earlene Block,528-415-6073,anissa29@example.net,,,,,
Prof. Immanuel Kihn DDS,584-202-0856 x027,jace18@example.com,,,,,
Mr. Quentin Volkman,(945) 279-6512,vtoy@example.com,,,,,
Hailie Anderson,1-825-232-7474 x50858,lydia.ohara@example.net,,,,,
Kimberly Dooley IV,1-336-871-5794,nicolas.colleen@example.net,,,,,
Alex Krajcik,-10205,okeebler@example.net,,,,,
Alexis DuBuque,+1.558.695.1589,stuart04@example.org,,,,,
Jaida Morar,-2862,tpurdy@example.org,,,,,
Theo Ledner,463.488.4721 x080,herta18@example.com,,,,,
Domenica Zieme,(654) 531-6572 x7396,fadel.madie@example.net,,,,,
Miss Lillian Waelchi Sr.,(845) 648-2575 x6148,wisozk.laurence@example.com,,,,,
Bonita Hamill,1-327-385-7775,jaeden76@example.com,,,,,
Prof. Daija Bruen,1-931-814-9444 x546,kunze.tania@example.org,,,,,
Madeline Kilback,1-738-531-8118 x339,deanna46@example.net,,,,,
Shyann Feest,(803) 808-3590 x165,kortiz@example.com,,,,,
Patrick Haley,(452) 596-4754,obogan@example.net,,,,,
Neoma Goodwin,1-245-428-7856 x44068,uhodkiewicz@example.com,,,,,
Daren Metz Jr.,12758412840,vfeest@example.com,,,,,
Mauricio Sanford,1-754-743-6968 x82188,habshire@example.org,,,,,
Prof. Rory Mraz,+1 (743) 846-5046,spagac@example.org,,,,,
Keon Zboncak,(986) 548-7010 x100,uherman@example.com,,,,,
Fernando Harvey I,1-860-378-3592,mona.russel@example.org,,,,,
Prof. Dawn Osinski IV,(853) 378-6728,zola.lesch@example.net,,,,,
Kristy Hudson,470.368.9388 x333,jevon99@example.net,,,,,
Naomie Schowalter,483.707.2217 x45180,jalen.keebler@example.com,,,,,
Sadie Ryan,432.775.3686 x6295,damore.karelle@example.com,,,,,
Eleazar Conn,(291) 538-7525 x82777,rudolph02@example.net,,,,,
Arnaldo Bernhard,1-756-539-7405 x8866,nona48@example.net,,,,,
Imani Osinski,571-545-6122 x838,prunolfsson@example.org,,,,,
Dr. Garth Feeney Sr.,(883) 522-6875 x82247,peggie62@example.org,,,,,
Nash Yundt,561-456-9487 x46422,elliott.daniel@example.net,,,,,
Jarrett Russel,562-322-1440 x383,myrl.abernathy@example.net,,,,,
Anibal Wehner,+1.431.217.3609,buford16@example.com,,,,,
Kallie Corkery DDS,887-954-0423 x4628,dallin64@example.com,,,,,
Trevion Haley,735-837-8612 x2282,kkoss@example.org,,,,,
Greg Frami,(406) 551-8366 x13425,waelchi.chadd@example.com,,,,,
Mrs. Rita Ratke IV,-8016,trunolfsson@example.com,,,,,
Anjali Bauch,-3233,yryan@example.org,,,,,
Lucio Lakin,551-650-0129 x60916,lindsey06@example.net,,,,,
Mathias Adams,(413) 882-0531 x925,fabiola62@example.org,,,,,
Cortez Dooley,16944535596,istrosin@example.com,,,,,
Miss Deborah Pacocha,1-673-548-0561 x348,lulu.wintheiser@example.net,,,,,
Dr. Aurelie Lind,+1 (629) 959-1406,gorczany.brad@example.com,,,,,
Nina Stamm,15935000866,jweissnat@example.com,,,,,
Abelardo Gleichner,(754) 859-2477 x60978,rdare@example.com,,,,,
Dr. Fatima Gerhold Sr.,(289) 351-0818 x0655,hulda.hodkiewicz@example.org,,,,,
Assunta Macejkovic,1-445-817-3562 x4076,uvandervort@example.com,,,,,
Emerson Zieme,785-735-7369,nitzsche.otho@example.com,,,,,
Kaylee Davis,1-896-512-6758 x554,cynthia28@example.org,,,,,
Pinkie Tillman,1-883-837-3684,hmckenzie@example.org,,,,,
Sophie Cummerata IV,+1.254.648.1266,udeckow@example.com,,,,,
Hunter Bayer,(803) 838-9057,vivien68@example.com,,,,,
Dr. Rosalee Haag,1-547-406-4817,armstrong.princess@example.net,,,,,
Megane Mills MD,404-328-2830,boyer.ariane@example.net,,,,,
Wilfredo Flatley,+1.817.783.2759,aankunding@example.net,,,,,
Prof. Alicia Smitham Sr.,(336) 932-6636 x182,sedrick.howell@example.com,,,,,
Janet Mayert Sr.,319-827-1287 x4074,xosinski@example.net,,,,,
Hellen Fahey,+1 (537) 788-7194,blanda.lavada@example.net,,,,,
Vinnie Halvorson,+1.221.972.0362,pcartwright@example.net,,,,,
Ryder Erdman,(876) 843-8432 x90488,aconnelly@example.net,,,,,
Prof. Bette Kunze I,515-686-6139,glen24@example.org,,,,,
Noelia DuBuque,490.787.9111 x65188,mandy06@example.com,,,,,
Miss Verna Toy I,(536) 763-7386 x0832,katherine90@example.net,,,,,
Margret Windler,840-318-7001,yweimann@example.com,,,,,
Emily Kiehn,(712) 568-9330 x672,marshall.hoppe@example.com,,,,,
Bernita Nicolas DDS,(771) 570-1857 x925,heathcote.mikayla@example.com,,,,,
Samson Corwin,886-943-3945 x4980,mallory.metz@example.net,,,,,
Domingo Donnelly V,+1.305.317.8051,twindler@example.org,,,,,
Birdie Flatley,+1 (818) 269-6837,glittel@example.org,,,,,
Maximillia Erdman,1-379-522-5723 x52522,katlynn.torphy@example.net,,,,,
Urban Dooley,347-206-5199,wilbert28@example.com,,,,,
Garry Kemmer,-10565,delta68@example.com,,,,,
Wilfrid Dibbert,-1272,casper.norris@example.org,,,,,
Fletcher Haag,235.684.8625,blaze.welch@example.net,,,,,
Dr. Clair Kautzer,420.373.8113,jay.miller@example.net,,,,,
Prof. Wilbert Stroman,18845732726,bryon10@example.net,,,,,
Dr. Luz Dicki Sr.,608.320.1901 x04773,bethel.mclaughlin@example.com,,,,,
Mrs. Jennifer Kuphal,+1 (873) 701-8296,lorenzo.daniel@example.com,,,,,
Destini McLaughlin IV,1-594-331-6711,sigurd.vandervort@example.net,,,,,
Destini Gutmann,+1 (318) 267-8491,wisoky.norma@example.org,,,,,
Lois Hamill,+1.240.593.6691,cgorczany@example.net,,,,,
Horace Flatley,(642) 200-7160 x998,ryan.alice@example.org,,,,,
Monty Cummerata,750.635.9150 x8379,oreilly.maybell@example.net,,,,,
Marcelino Rau DDS,(589) 544-8253 x525,jimmie43@example.org,,,,,
Halie Kessler,480-202-5313 x8273,nsauer@example.net,,,,,
Dr. Hubert Cronin,(421) 423-6173 x82379,vandervort.adeline@example.org,,,,,
Rosanna Hill,(791) 504-5128,wolf.alexie@example.org,,,,,
Aiyana Breitenberg PhD,(739) 507-5344,danyka.stehr@example.net,,,,,
Tyrel Dooley,+1.392.240.6254,sedrick.reichel@example.org,,,,,
Prof. Torey Zemlak III,479-723-9484 x6705,rhill@example.com,,,,,
Emmitt Kuhic I,1-962-942-3963,blakin@example.com,,,,,
Rhoda Huels IV,404-923-1924,hertha.gorczany@example.com,,,,,
Prof. Retha Mraz,(469) 779-5694 x4548,rzieme@example.org,,,,,
Brianne Swift,1-331-432-8683 x3741,florence75@example.org,,,,,
Madonna Barton Jr.,(661) 224-7679 x384,kgoyette@example.org,,,,,
Ryan Robel,-7098,gaylord.gaston@example.com,,,,,
Ethel Emmerich,+1 (940) 938-9321,connelly.keira@example.net,,,,,
Jensen Bashirian,671.805.7198 x4618,douglas.louisa@example.com,,,,,
Nya Fay,1-507-550-5079 x1263,qgoyette@example.com,,,,,
Jess White,-10057,zveum@example.net,,,,,
Larry Romaguera IV,(389) 617-5371 x47924,wwilderman@example.org,,,,,
Levi Kunze,+1 (464) 472-5897,weissnat.erick@example.com,,,,,
Erwin Powlowski,746-763-0750 x7436,nhalvorson@example.net,,,,,
Ms. Albina Wisozk MD,(909) 984-5765 x161,kiehn.jan@example.com,,,,,
Dr. Karine Abshire,1-225-902-0702 x011,bbeer@example.com,,,,,
Mr. Seamus Brekke MD,-7402,beer.micheal@example.net,,,,,
Jaydon Ward,896.537.3098,roslyn80@example.org,,,,,
Anthony Von,(903) 703-1183,legros.rowan@example.org,,,,,
Fern Larkin V,1-943-761-8976,sonia49@example.com,,,,,
Darren Quigley PhD,406.893.4779,eli74@example.org,,,,,
Mr. Carlo Wintheiser V,13506004440,schumm.dawson@example.com,,,,,
Aletha Kirlin Sr.,208-378-8934 x44334,kathryn95@example.net,,,,,
Barney Kovacek,368-547-2909,lueilwitz.mallory@example.com,,,,,
Isac Reilly I,714-308-1949,rbrakus@example.org,,,,,
Prof. Rhea Koch I,1-210-450-2953 x344,yundt.rick@example.org,,,,,
Adah Gislason,1-904-722-7583 x28779,martina21@example.org,,,,,
Dawn Swift,+1.872.386.0494,zkonopelski@example.com,,,,,
Myrtis Murazik II,387.649.7276,blaise.walker@example.org,,,,,
Dulce Emard,13207348988,kip.lebsack@example.com,,,,,
Avery Fadel,547.213.0685,veum.talon@example.com,,,,,
Toby Kohler,+1.395.428.1499,valentine57@example.org,,,,,
Mrs. Cleora Cormier,282-502-4937,boyle.sam@example.com,,,,,
Marjory Bartoletti,1-421-315-4923 x8272,elfrieda11@example.com,,,,,
Emilie Pfeffer,-3013,mayert.braulio@example.net,,,,,
Violette Sanford,-4021,predovic.kyra@example.org,,,,,
Mr. Sylvan Mayer,(732) 982-1126,wlittle@example.net,,,,,
Hardy Armstrong,472.864.0652 x800,reanna00@example.com,,,,,
Mr. Murray Bosco V,219-371-9558,brady97@example.net,,,,,
Wade Pfannerstill,203.863.1715 x322,amaya03@example.org,,,,,
Finn Gulgowski MD,(804) 581-8396 x724,bessie98@example.net,,,,,
Josefa Cartwright,13307844656,wlarkin@example.com,,,,,
Mr. Faustino Stehr,(748) 289-9071 x12290,ybayer@example.net,,,,,
Mr. Jules Kovacek,332-617-0628 x760,feil.ewald@example.org,,,,,
Stewart Schneider,(573) 848-7923,gheller@example.com,,,,,
Norma Schowalter,-3233,crooks.michael@example.org,,,,,
Moses Steuber Jr.,906-976-3229,zora.heaney@example.com,,,,,
Selina Turcotte,-8298,iparisian@example.net,,,,,
Ellsworth Auer,+1 (761) 204-5139,darrick17@example.com,,,,,
Niko Bernier,(881) 714-7566 x052,srau@example.net,,,,,
Nelda Fadel,873.245.1522 x59131,kuvalis.simeon@example.org,,,,,
Miss Jennie Okuneva,-1034,meaghan.quigley@example.net,,,,,
Isaac Marks,321-220-2276 x3972,franecki.tyshawn@example.org,,,,,
Daniella Schowalter,996.593.6595,jakayla.runte@example.org,,,,,
Dashawn Kiehn,942-350-5749,rafaela68@example.com,,,,,
Mr. Herminio Ruecker Sr.,(817) 621-7465 x7246,aufderhar.alphonso@example.net,,,,,
Marcelino Jaskolski,897.314.3810,caden25@example.com,,,,,
Dr. Adrianna Powlowski I,(238) 687-1575 x7700,jbrown@example.com,,,,,
Fletcher Gerhold,534.952.5697 x36755,carleton.waelchi@example.net,,,,,
Oswald Krajcik,1-957-797-3023 x9785,kovacek.aiyana@example.net,,,,,
Rahul Walker,+1 (578) 380-7889,hdickinson@example.net,,,,,
Tianna Will II,1-235-968-5192,nbergnaum@example.com,,,,,
Stephanie Auer,-3905,bvon@example.net,,,,,
Janessa Lueilwitz,631-719-9950 x9578,dibbert.wilton@example.net,,,,,
Lura Nitzsche IV,1-430-914-9111,larkin.frances@example.net,,,,,
Rubye Breitenberg,(716) 388-5919 x69943,alvis.predovic@example.org,,,,,
Maurine Wintheiser,1-294-718-6542,brody78@example.net,,,,,
Jaycee Mosciski,(628) 476-6997,roreilly@example.org,,,,,
Casandra Reilly,348.309.2433 x2456,kiel.romaguera@example.org,,,,,
Abel Kunze DVM,736.377.2826 x440,lois82@example.org,,,,,
Nia Carroll V,971-997-4225,mattie.franecki@example.com,,,,,
Marian Schowalter I,(598) 505-8275 x061,jalen98@example.net,,,,,
Mrs. Jazlyn Nikolaus,317.689.4057 x092,rschmeler@example.com,,,,,
Myah Oberbrunner DDS,478-557-8012,mekhi.franecki@example.net,,,,,
Dr. Arlo Langworth PhD,906.965.1592 x11923,vito.simonis@example.com,,,,,
Prof. Lavada Hahn,554.521.8936 x8306,naomi.bruen@example.net,,,,,
Jerel Jacobi,(886) 460-2630 x115,cboyer@example.org,,,,,
Milton VonRueden,686.297.8421,nkeebler@example.org,,,,,
Kennedi Auer MD,(914) 749-4487,bdaugherty@example.net,,,,,
Nikko Cassin,330-887-4124 x8552,hoyt38@example.com,,,,,
Valerie Wilderman MD,674.865.9406,herzog.lillie@example.org,,,,,
Idell Wolf,732-752-3989,ondricka.ollie@example.com,,,,,
Dr. Roselyn Weimann,905.812.1728,ward.blanda@example.org,,,,,
Mr. Fidel O'Kon DVM,(897) 347-5238 x14833,fabian71@example.net,,,,,
Muriel Johnston,657.264.1385 x805,qpfeffer@example.com,,,,,
Ciara Thiel,1-607-603-3299,brock89@example.com,,,,,
Mr. Muhammad Jones,-5100,kbrekke@example.net,,,,,
Julianne Marquardt II,1-420-239-1149 x4132,hilpert.lillian@example.org,,,,,
Dr. Grady Metz DVM,219.854.2059 x75465,kaya.oconner@example.com,,,,,
Adaline Baumbach,807-607-4458 x609,lehner.marcia@example.net,,,,,
Lydia Pollich,1-279-871-7814,ibrahim.will@example.com,,,,,
Jaren Auer,1-371-847-3240,stuart.maggio@example.com,,,,,
Destini Green,-4156,sophie.borer@example.net,,,,,
Dr. Orrin Keeling,614.730.0169 x2891,igrady@example.com,,,,,
Cayla Rutherford,598-216-3835,telly.kunze@example.com,,,,,
Myrtis Larkin,1-309-596-7730 x1336,kwest@example.com,,,,,
Dr. Barrett Yost,(357) 532-3766 x47867,denis.bernier@example.net,,,,,
Chadd Schultz,552.833.0439,xbailey@example.com,,,,,
Josefina Dibbert,13806990974,ayla66@example.net,,,,,
Dr. Evan Kohler,602.407.3263 x548,easter29@example.org,,,,,
Wilhelm Waters,-6676,melany.eichmann@example.org,,,,,
Antonina Hoeger,558.302.2482,eweissnat@example.com,,,,,
Lulu Schmeler,675-968-8623 x858,pasquale26@example.com,,,,,
Ms. Alisa Fritsch IV,1-723-830-3497,gennaro95@example.com,,,,,
Prof. Arely Lebsack II,375.310.2388,teresa84@example.net,,,,,
Mr. Halle Schumm MD,260.342.2684 x713,afay@example.com,,,,,
Reinhold Wehner IV,1-776-267-4620 x123,genesis35@example.net,,,,,
Velma Rolfson,+1 (493) 272-1828,brandon72@example.net,,,,,
Prof. Justyn Bernier I,(736) 686-2073 x17097,adooley@example.net,,,,,
Baylee Stamm,384-294-2610 x11493,lehner.odessa@example.com,,,,,
Hilario Gerlach DVM,-5075,rod90@example.com,,,,,
Cathrine Harber,-5302,obashirian@example.com,,,,,
Durward Frami,(308) 230-2166,paucek.zelda@example.net,,,,,
Kevon Mosciski,1-567-359-0913 x815,jast.tatyana@example.com,,,,,
Lois Aufderhar MD,718.554.5253 x5031,eledner@example.org,,,,,
Kristian Gottlieb,1-837-397-7298 x476,spinka.marta@example.org,,,,,
Mr. Ike Konopelski,17344303001,nitzsche.trycia@example.org,,,,,
Zoe Considine DVM,790.880.1748 x67614,gerhard.cole@example.net,,,,,
Richard Blanda,(338) 262-1376 x28525,shakira52@example.net,,,,,
Allene Simonis,+1.521.450.7246,annabel.okuneva@example.org,,,,,
Zion Johnston,-1472,konopelski.rosamond@example.org,,,,,
Jermain Erdman,1-814-908-0173,kirk.gerhold@example.com,,,,,
Clint Green,267-914-7683 x40107,bhettinger@example.net,,,,,
Mr. Darrel Reilly,(909) 716-7845,alice.hand@example.com,,,,,
Noble Gutkowski III,-2544,ruecker.stewart@example.net,,,,,
Crystel Deckow,717.463.3200,littel.lorine@example.net,,,,,
Delta McClure,-2631,mjohnson@example.org,,,,,
Gene Flatley,1-880-696-6897,clementine.swift@example.org,,,,,
Amie Walker,+1 (542) 796-0953,bosco.einar@example.com,,,,,
Golda McClure,(392) 324-8028,joanne93@example.com,,,,,
Dr. Junius Gutkowski II,+1 (442) 358-6193,mitchell.mariano@example.net,,,,,
Mr. Baron Jaskolski V,693.989.9025 x10267,fjacobson@example.net,,,,,
Mr. Damien Jones V,1-883-806-0883,gvolkman@example.net,,,,,
Deangelo Stamm,1-943-661-9177 x753,mcglynn.tad@example.net,,,,,
Renee Kautzer,(396) 340-9197 x88837,delpha.cummerata@example.com,,,,,
Alan Kshlerin,1-253-201-6526 x56761,candelario83@example.net,,,,,
Keshaun Waters PhD,+1.837.951.9465,reagan.stamm@example.org,,,,,
Juliana Collier,-10407,galtenwerth@example.org,,,,,
Mr. Dayton Walker,1-235-917-4133,mertz.cory@example.org,,,,,
Alf Stokes,(761) 334-8041 x15817,lmoore@example.org,,,,,
Michelle Johnston PhD,509.928.8147,lupe.kuvalis@example.com,,,,,
Everette Bogan DDS,+1 (531) 426-6018,lucie.bergstrom@example.org,,,,,
Hilma Daugherty,(649) 427-5590,antonina56@example.net,,,,,
Quinten Prohaska,(490) 941-2533,anita30@example.org,,,,,
Emily Abbott,(617) 960-4989,koss.trudie@example.com,,,,,
Zaria Haag,643.591.7168,gmaggio@example.net,,,,,
Mr. Maurice Sipes Sr.,1-718-489-6425,toy.dulce@example.org,,,,,
Brayan Heaney,1-584-545-6377 x07301,rosenbaum.vena@example.org,,,,,
Jarrett Bednar,209.336.2146 x88407,laurianne82@example.org,,,,,
Mr. Kamren Gutkowski PhD,1-764-837-0199,krajcik.vincenza@example.com,,,,,
Nathanael Purdy,667.615.7082 x08263,ward.robyn@example.org,,,,,
Irving Towne II,515-275-5459 x46230,jwiegand@example.net,,,,,
Betsy Glover,901.901.1350,sonny.kihn@example.net,,,,,
Fredrick Bauch I,-3141,lturcotte@example.org,,,,,
Dr. Demond Streich,1-905-848-6622,alvina54@example.com,,,,,
Cydney Schiller,1-676-223-3285,korbin82@example.net,,,,,
Antoinette Cole,1-640-665-8434 x1999,brent.schoen@example.net,,,,,
Derrick Koss,-9802,oberbrunner.bennett@example.org,,,,,
Berneice Bashirian,(673) 806-3328 x24507,rosenbaum.maia@example.net,,,,,
Jamir Dietrich,904.781.4449,brendon59@example.net,,,,,
Fidel Bergnaum,1-986-556-8433,xgutkowski@example.net,,,,,
Dr. Laura Durgan,1-615-920-3848 x0684,thiel.ethelyn@example.org,,,,,
Mr. Donald Kautzer,208-218-9278,enrique.corwin@example.net,,,,,
Betty Aufderhar,(973) 771-9528,garett51@example.org,,,,,
Emmie DuBuque,1-402-654-2169,ellen73@example.net,,,,,
Thaddeus Carroll,+1 (941) 379-5819,cartwright.kiara@example.org,,,,,
Mrs. Brisa Koss,(690) 317-0382 x7199,gregg25@example.org,,,,,
Porter Tremblay,436-663-5880 x19442,filomena.brown@example.net,,,,,
Mr. Milford Waters DDS,401.435.3852 x41079,elbert33@example.com,,,,,
Dr. Terrence Kemmer MD,(623) 800-8747,abshire.dayton@example.net,,,,,
Reynold Rath,1-958-389-6763,alfredo75@example.com,,,,,
Prof. Arianna Conroy MD,675.741.2078 x182,oherman@example.net,,,,,
Mr. Newell Barton V,280-613-8629,johann.sipes@example.net,,,,,
Jace Fay,+1.214.813.6093,clint.cassin@example.com,,,,,
Gilberto Champlin III,-5554,rachel.doyle@example.net,,,,,
Bradly Littel,(995) 903-9838 x9042,shaun98@example.com,,,,,
Lucie Schoen,(465) 639-7735,zion20@example.com,,,,,
Mrs. Johanna Welch I,+1 (564) 903-9746,theresa.buckridge@example.org,,,,,
Michele Robel V,(949) 688-1608,catalina55@example.com,,,,,
Oscar Mueller,558-706-2519 x037,reginald.kulas@example.com,,,,,
Marcelle Nikolaus,(928) 604-5783 x0243,nmraz@example.org,,,,,
Mr. Brando Moore MD,612-560-9289,xmurazik@example.net,,,,,
Santina Cruickshank,542-353-1673,emmet.wolff@example.org,,,,,
Mr. Darwin Morar IV,750.464.9068 x419,jbarton@example.net,,,,,
Dr. Clarabelle Conn,(234) 595-9344 x6280,mlang@example.org,,,,,
Miss Norene Zemlak DVM,(806) 200-8553,philip.dare@example.org,,,,,
Miss Juana Gusikowski Jr.,+1 (995) 678-4532,lconroy@example.net,,,,,
Dion Mills,327.808.0936 x887,zcrona@example.org,,,,,
Dr. Kathleen Lesch,863-664-5112 x92430,lilian.crist@example.org,,,,,
Linwood Collier,(483) 681-8995 x165,carey.erdman@example.net,,,,,
Judge Kuvalis,298-754-3137 x378,reichert.margarett@example.com,,,,,
Mr. Duncan Thiel,779.994.2502 x2613,paucek.kaley@example.org,,,,,
Dena Stehr,1-638-257-1556 x5012,hintz.roy@example.net,,,,,
Courtney Wisozk,-4992,winston.prohaska@example.com,,,,,
Raquel Baumbach,(287) 384-6032 x5331,stoltenberg.winona@example.net,,,,,
Hertha Nicolas,871.245.6343 x187,kaleigh.hegmann@example.com,,,,,
Dr. Juliana Runte,-1903,leo84@example.net,,,,,
Scot Fadel PhD,920-808-1133,runolfsson.deshawn@example.com,,,,,
Maxie Howell,-9434,ukoch@example.org,,,,,
Mr. Donnie Smitham,(501) 209-9235 x237,skylar.kemmer@example.net,,,,,
Mr. Lowell Muller IV,(453) 695-8429,crooks.roderick@example.net,,,,,
Thad Schinner,1-628-563-3638,erunolfsdottir@example.net,,,,,
Ezequiel Stanton I,1-596-268-1898,greenfelder.rogers@example.net,,,,,
Mr. Brycen Windler DDS,(339) 623-3187 x2951,langosh.jerry@example.net,,,,,
Kip Borer,-7264,mina.gottlieb@example.com,,,,,
Hadley Hackett,+1 (584) 206-7923,ethiel@example.net,,,,,
Mr. Lorenzo Walter Jr.,+1.816.201.5338,ayana.feeney@example.org,,,,,
Merritt Ruecker MD,(942) 788-6311 x110,chelsey29@example.org,,,,,
Anika Stokes,751.484.3637 x255,cyrus.johns@example.com,,,,,
Cordelia Langosh,(352) 623-4986,haley.lauren@example.org,,,,,
Howard Walsh,+1 (421) 795-0339,wtorphy@example.com,,,,,
Shanon Dicki,-10739,nhagenes@example.net,,,,,
Treva Rippin,-8115,stephon59@example.com,,,,,
Lauren Waelchi,16532020343,susie04@example.com,,,,,
Ms. Beryl Rolfson,916-316-4901 x037,emann@example.net,,,,,
Theron Gerlach,794.581.0209,esmeralda.von@example.com,,,,,
Brendan O'Hara,1-241-209-4428 x4885,dorothea.ullrich@example.com,,,,,
Manley Becker,(986) 324-0544,jaden52@example.net,,,,,
Dr. Cheyenne O'Connell I,(685) 320-4793,kenyon.carter@example.com,,,,,
Malika Roberts,909.340.1312,lcremin@example.net,,,,,
Caesar Schmidt,1-532-219-1128 x5540,reilly.kohler@example.org,,,,,
Elsa Purdy,(398) 913-8874 x607,amy33@example.org,,,,,
Camylle Gottlieb,754.243.5754 x004,jcasper@example.net,,,,,
Lucienne Nader,961.432.9926,mgutkowski@example.com,,,,,
Ms. Haylee Jacobson V,493.629.5118 x586,uspencer@example.com,,,,,
Dr. Jaylan Hagenes II,338-704-5791,idell72@example.org,,,,,
Jessyca Ryan,(689) 641-5842,mallory.beahan@example.org,,,,,
Wilfredo Wintheiser IV,724-410-5107 x7246,sheidenreich@example.net,,,,,
Mr. Sidney Jones,935-677-6369 x7680,harris.saul@example.org,,,,,
Hillary Bogan,1-767-942-4431 x1072,lboehm@example.net,,,,,
Ms. Maybell Kris DVM,828.441.9136,anne.powlowski@example.org,,,,,
Sammy Murazik DVM,481.484.1820 x6398,wade00@example.org,,,,,
Sienna Walker,(921) 550-9714,melany70@example.net,,,,,
Mrs. Vella Dickinson,(976) 567-9681,lhansen@example.com,,,,,
Miss Kylie Collins V,889-384-9480,judd.zboncak@example.com,,,,,
Miss Frances Lockman II,+1.529.629.7954,ymurphy@example.org,,,,,
Mr. Jeffrey Gerhold PhD,302-614-0075 x07406,haylie.feeney@example.com,,,,,
Pinkie Cole,1-548-464-1695,tlarson@example.net,,,,,
Alvah Jast,(250) 228-2326,oreilly.eileen@example.org,,,,,
Dr. Raleigh Haag,729.737.5248,romaine.strosin@example.com,,,,,
Prof. Leola Breitenberg,-1955,ewest@example.net,,,,,
Polly McGlynn,-3054,waylon.lind@example.org,,,,,
Claudie Jaskolski,1-930-688-9296 x77693,aufderhar.gustave@example.net,,,,,
Kyra Prosacco,18713937055,crist.annabel@example.org,,,,,
Miss Nelle Armstrong,(509) 849-7181 x5600,hjaskolski@example.com,,,,,
Prof. Donna Turcotte,790.993.5414,edgardo17@example.org,,,,,
Lavina Kreiger III,+1.301.757.7566,walker.rhett@example.com,,,,,
Chloe Toy,(339) 324-1389 x682,ehuel@example.com,,,,,
Emmet Brakus,489.971.2217 x963,davis.kennith@example.net,,,,,
Ms. Kayla Willms Jr.,878.295.2859,mdoyle@example.org,,,,,
Adaline Parker,+1 (728) 965-4958,marielle.renner@example.com,,,,,
Annalise Stracke III,1-498-390-7589 x15067,orn.minerva@example.com,,,,,
Lois Herzog,541-239-8853,hkshlerin@example.com,,,,,
Prof. Parker Schoen,(387) 867-6542,kling.axel@example.org,,,,,
Jeanne Ernser DDS,-7393,lkeeling@example.org,,,,,
Jorge Boehm,602-637-2579 x491,aracely.effertz@example.org,,,,,
Jeromy Rowe IV,345-254-6339 x5324,aklocko@example.org,,,,,
Stan Hettinger,19126279516,novella78@example.com,,,,,
Hilda Koch,1-391-635-2772,melyssa84@example.org,,,,,
Karson Rutherford,491-454-9790,emely.fritsch@example.net,,,,,
Prof. Aidan Gottlieb Sr.,740.814.6210,njast@example.com,,,,,
Velva Lind,581.364.3845 x8529,kenneth07@example.net,,,,,
Dr. Clay Schmeler,661-659-7891,judd.cartwright@example.net,,,,,
Fabian Lynch,384-468-5597 x31371,beier.charlene@example.org,,,,,
Elmer Quitzon IV,1-517-491-3109,streich.sonia@example.com,,,,,
Newton Collins MD,1-516-933-7081,keanu30@example.org,,,,,
Mr. Kamren Ryan Sr.,+1 (241) 240-1937,vada00@example.net,,,,,
Dr. Robert Kihn DVM,551-431-4428 x3158,kilback.lamont@example.org,,,,,
Prof. Corrine Murray I,539.592.1869 x805,crohan@example.net,,,,,
Amina Schaden DDS,664-988-8552,emil.rice@example.com,,,,,
Melyssa Herman,(382) 676-3199 x8220,darius26@example.net,,,,,
Easter Swift,(772) 807-3505 x22157,heaney.nia@example.org,,,,,
Gabrielle Barrows,272-552-5315 x750,jleuschke@example.com,,,,,
Callie Sawayn Sr.,(951) 405-2459 x0249,xhaley@example.net,,,,,
Rachael Schmidt,559.338.6150 x1116,asa.renner@example.com,,,,,
Freda Murazik,226.921.3761 x8614,beulah.kuhic@example.org,,,,,
Violette Keebler,676.838.6072 x41227,qbode@example.org,,,,,
Mr. Damian Schumm DDS,(221) 284-9361 x12710,jakob.dibbert@example.org,,,,,
Berneice Simonis,697.646.0694 x0944,nkessler@example.com,,,,,
Miss Bethany Powlowski,1-731-890-5031,bruen.jena@example.com,,,,,
Beverly Medhurst V,(394) 404-2209,gibson.kallie@example.net,,,,,
Jared Waelchi,-6137,corbin.gerlach@example.com,,,,,
Miss Nyasia Rice,589.554.0930 x776,dominique.muller@example.com,,,,,
Prof. Lelah Schultz,904-456-9190 x341,hayley.hane@example.org,,,,,
Mrs. Liza Romaguera,379-401-0069 x918,gboyle@example.org,,,,,
Abdullah Ryan,220-414-1236,kbaumbach@example.net,,,,,
Hattie Bins,(509) 291-7439,ilangworth@example.com,,,,,
Ezekiel Halvorson,632-697-5018 x3700,angelina.heaney@example.org,,,,,
Roxane Koss,298.840.4344,tito33@example.net,,,,,
Prof. Javonte Jakubowski,-10092,feil.nellie@example.net,,,,,
Prof. Glenda Schaden,737.670.3732,wyatt85@example.org,,,,,
Mustafa Connelly,(627) 859-3029,jwindler@example.com,,,,,
Cristopher Davis,+1.750.905.3328,johnson.rice@example.net,,,,,
Janice Wintheiser,(414) 363-8928 x67823,gerhard55@example.net,,,,,
Mr. Ashton Crist,775-429-4438 x5654,allen.berge@example.net,,,,,
Idell Mueller,1-284-820-3717,arthur96@example.org,,,,,
Selmer Lang,1-578-535-6133,lehner.ramon@example.net,,,,,
Wilmer Gleichner III,+1 (725) 660-2437,crona.leilani@example.net,,,,,
Miss Yesenia Weissnat DVM,1-872-953-6655,dan96@example.net,,,,,
Verla Marvin,210.779.9210 x515,ashlee51@example.net,,,,,
Mr. Alvis Morissette,882-938-7878 x763,dana.kemmer@example.org,,,,,
Miss Jody Stark,1-768-346-8221,dibbert.cole@example.org,,,,,
Sven Miller Sr.,14734859926,camylle16@example.org,,,,,
Jonatan Rodriguez II,(276) 602-6734 x337,egislason@example.net,,,,,
Mr. Ahmed Harber,(321) 734-6583 x164,jferry@example.com,,,,,
Humberto Gorczany,+1.743.559.3084,jerald.stehr@example.org,,,,,
Winston Johnston,(784) 273-7114 x377,tamara33@example.com,,,,,
Kaycee Nicolas,767.570.4928 x8102,turner.america@example.net,,,,,
Miss Suzanne Bechtelar I,1-760-768-8946,marilie.gutkowski@example.com,,,,,
Mrs. Theodora Legros,321.470.7149,isaias20@example.org,,,,,
Carli Upton,1-279-842-8806,kprohaska@example.net,,,,,
Carlos Crooks,15507150758,corrine.yost@example.org,,,,,
Prof. Madalyn Howell,723-924-2964 x109,zsenger@example.com,,,,,
Prof. Rasheed Beatty,(642) 954-5946 x87355,haltenwerth@example.com,,,,,
Emmanuelle Feeney,(437) 979-6512 x01247,noel95@example.net,,,,,
Enid Graham,(663) 724-7340 x81320,hermann.gleason@example.net,,,,,
Prof. Marshall Leffler,-7280,rigoberto57@example.com,,,,,
Stephon Gulgowski,+1 (796) 353-2099,ewald.torphy@example.net,,,,,
Prof. Gage Satterfield PhD,1-550-739-5483,fbauch@example.org,,,,,
Prof. Jermey Smitham MD,13983837414,lolita81@example.org,,,,,
Miss Myah Hirthe,1-963-235-0419 x8298,sonya37@example.net,,,,,
Jordon Hamill,445.292.4557 x770,mireya.johns@example.com,,,,,
Kian Beier,13212994890,marcellus07@example.org,,,,,
Talia Lehner,639-369-1825 x52127,bechtelar.janie@example.net,,,,,
Stanton Schulist III,+1 (708) 267-5977,nader.wyatt@example.net,,,,,
Lauriane Bosco,(902) 919-9563 x9921,dante09@example.org,,,,,
Thelma O'Kon,715-631-4920,fbashirian@example.org,,,,,
Bill Kreiger,(454) 593-8200 x1250,stanton.meaghan@example.com,,,,,
Zora Carroll Jr.,271-380-3958 x516,schamberger.lou@example.com,,,,,
Kathryn Mayer,706.853.4536 x1076,pink.quitzon@example.org,,,,,
Dr. Rosella Conroy,231.966.8753 x4721,jackeline07@example.net,,,,,
Everett Abernathy,(559) 557-6744,nfeeney@example.net,,,,,
Dave Reinger,753-277-9665 x40883,jameson.pouros@example.net,,,,,
Sydnie Strosin,1-786-546-2031 x22485,libbie89@example.com,,,,,
Ed Upton,1-392-957-3374,virginie.kuhn@example.com,,,,,
Mr. Kiley Runte,284-362-1170,gulgowski.jolie@example.com,,,,,
Yoshiko Metz IV,889-329-6253 x32823,karli.orn@example.org,,,,,
Kelvin Weimann,(503) 887-7668,susanna59@example.org,,,,,
Tad Feil DDS,972-832-0918 x39768,daniella10@example.com,,,,,
Guy Nicolas MD,-6846,ezra.boyle@example.org,,,,,
Ashly Schulist IV,965-452-5464,alek08@example.org,,,,,
Toney Gaylord,+1 (734) 359-2424,terrance.treutel@example.org,,,,,
Una Gleichner II,(998) 641-8984,vjohns@example.com,,,,,
Dr. Rachel Kshlerin III,1-683-752-0220,audrey.streich@example.org,,,,,
Lolita Mann,(923) 422-6646 x450,hintz.emie@example.net,,,,,
Adam Wehner,+1.491.352.4908,orland27@example.org,,,,,
Davin Rogahn Jr.,-2857,labadie.rodrigo@example.org,,,,,
Marilyne Jacobi,1-748-860-4685 x8167,jocelyn.stoltenberg@example.org,,,,,
Aiden Turner,-4826,gonzalo.kunde@example.com,,,,,
Niko Harvey,772.621.1995,kenneth.boyle@example.net,,,,,
Judd Rogahn,432.674.7921 x632,tyrese.kunze@example.org,,,,,
Jaiden Jaskolski,(250) 620-5763,oda77@example.net,,,,,
Vanessa Kovacek PhD,(293) 660-9164 x9731,considine.hassan@example.com,,,,,
Tad Rowe,(247) 357-6061 x3042,rgerhold@example.com,,,,,
Mr. Gabriel Vandervort V,(741) 971-9538,ana59@example.com,,,,,
Mr. Howell Bosco Jr.,869-794-4353,reagan69@example.net,,,,,
Mrs. Geraldine Parisian II,(827) 485-2001,lonie.labadie@example.org,,,,,
Gracie Quitzon,1-518-203-8112 x5561,raheem.mosciski@example.net,,,,,
Norma Stroman,453.982.7081 x60087,umarquardt@example.org,,,,,
Lourdes Walker,987.681.4637,maritza.waters@example.org,,,,,
Brown Witting,619-932-4249,gust19@example.org,,,,,
Harry Keeling,782-368-0227 x741,mustafa.bauch@example.org,,,,,
Dr. Alexzander Harber,909.739.7712 x383,uveum@example.org,,,,,
Prof. Kody Hudson DVM,(317) 702-7281 x73448,mclaughlin.esta@example.net,,,,,
Dereck McClure,1-791-467-2424,lakin.kyler@example.com,,,,,
Kaia Kris,1-378-488-3660 x5779,wuckert.antone@example.net,,,,,
Miss Yesenia Connelly,752.262.7100 x886,hackett.eva@example.org,,,,,
Mr. Edd Murray,937.322.6156 x84151,keith69@example.net,,,,,
Stefan Farrell,(825) 340-6552 x6216,fborer@example.net,,,,,
Carmelo Gutkowski,1-871-639-2106 x5289,boyer.hertha@example.com,,,,,
Dee Cormier,(363) 382-6876,verona69@example.com,,,,,
Kristopher Renner,1-661-606-9299 x49151,trever29@example.net,,,,,
Prof. Obie Roberts Jr.,1-897-738-0447 x66683,mary.welch@example.net,,,,,
Mr. Max Davis,-4243,allie19@example.com,,,,,
Assunta Zboncak,1-759-353-6185,alfreda.kuvalis@example.org,,,,,
Gladyce Mann,+1.420.260.4443,raynor.rylan@example.com,,,,,
Ms. Serenity O'Conner,-5641,lucious87@example.com,,,,,
Sedrick Altenwerth,1-273-269-6128,zpfeffer@example.com,,,,,
Prof. Myriam Harber Jr.,1-818-940-0289 x092,sarina.stracke@example.net,,,,,
Dr. Schuyler Collier Sr.,(285) 870-1290 x41979,bernhard.bobbie@example.org,,,,,
Carroll Stroman,518.444.8170 x67218,vena13@example.net,,,,,
Lloyd Turcotte,1-680-451-8990 x3767,gbuckridge@example.com,,,,,
Miss Lavonne Kilback,19413103946,rcruickshank@example.net,,,,,
Alfreda Lakin PhD,+1.638.992.1969,fisher.kenyon@example.org,,,,,
Mr. Nikolas Block PhD,872-313-9518 x559,justus92@example.com,,,,,
Harley Heidenreich,-9790,wweber@example.net,,,,,
Forest Lowe,880-222-4743,eschumm@example.com,,,,,
Mr. Martin Hamill II,630-826-4012 x4482,alicia.oberbrunner@example.org,,,,,
Oleta Kuhic,660-297-9738 x9439,chadrick43@example.com,,,,,
Norene Rodriguez,(846) 684-5004,willard27@example.org,,,,,
Janie Corwin,13283361814,pbrown@example.net,,,,,
Danika Quitzon II,480-384-3266,cstrosin@example.org,,,,,
Pearl Bernier,1-815-500-3539,hodkiewicz.stefanie@example.net,,,,,
Jaqueline Bruen,1-240-616-8923 x761,rowe.karley@example.org,,,,,
Dr. Hallie Waters,345.427.5690 x926,ychristiansen@example.org,,,,,
Lamar Grady III,1-572-620-1065 x03765,bethel28@example.net,,,,,
Raphaelle Paucek Jr.,(327) 471-4855 x3090,mabelle82@example.org,,,,,
Ms. Ashley Jones I,929.976.3367 x4621,xhoeger@example.com,,,,,
Hipolito Johnston DDS,207.723.9262,wdoyle@example.org,,,,,
Gregoria Dibbert,1-624-413-9703 x29183,mcclure.kayley@example.com,,,,,
Ludwig Ondricka,14022338232,micaela52@example.net,,,,,
Finn Murray,+1.484.443.9004,triston.anderson@example.net,,,,,
Keara Crist,1-268-836-0406 x5964,doug.reilly@example.com,,,,,
Prof. Laurine Nolan,952-536-6754,emayert@example.net,,,,,
Prof. Daryl Thiel DDS,465.303.8146,queenie.kirlin@example.org,,,,,
Dr. Carissa Stark,349-329-2154 x6605,mclaughlin.demetrius@example.net,,,,,
Georgianna Wilkinson I,17193625393,margaretta37@example.com,,,,,
Amina Stanton,595.615.7736 x7876,mmiller@example.com,,,,,
Mr. Bryon Carroll,+1 (651) 520-0439,howard.langosh@example.org,,,,,
Mr. Houston Tremblay,14055569990,padberg.max@example.org,,,,,
Mr. Colt Jones DDS,219-582-0718 x45819,einar.littel@example.net,,,,,
Mrs. Celia Franecki DVM,+1 (903) 990-3924,alebsack@example.net,,,,,
Dr. Wellington Hauck,925.809.7245 x7021,caleb.yost@example.net,,,,,
Mr. Desmond Haag,1-939-849-8360 x36085,qkautzer@example.com,,,,,
Petra Ruecker,941.383.0366,pierce.schiller@example.org,,,,,
Junior Donnelly PhD,-7306,vklein@example.net,,,,,
Dr. Jennyfer Boehm PhD,857.676.3691 x661,beulah11@example.org,,,,,
Yoshiko Gutmann V,-5725,zulauf.austyn@example.com,,,,,
Prof. Aryanna Kuhn Jr.,893.679.2204 x7071,cedrick81@example.net,,,,,
Dale Schimmel Jr.,220-335-5560 x5781,dkoch@example.com,,,,,
Jany Beier,(451) 815-5734,cmacejkovic@example.com,,,,,
Clare Jakubowski,(814) 265-4339 x1178,skris@example.net,,,,,
Mr. Faustino Paucek,13408770696,uflatley@example.com,,,,,
Emmett Macejkovic,429.779.8337,hodkiewicz.calista@example.net,,,,,
Mr. Dominic Mohr PhD,946-200-0687,rippin.hermina@example.net,,,,,
Ryann Mueller,1-372-555-8919 x9741,ardella.buckridge@example.net,,,,,
Miss Maryam Klein,(220) 353-8621,kshlerin.colton@example.com,,,,,
Friedrich Davis,465.525.4278,ythompson@example.com,,,,,
Bennie Crist,557-498-1293 x5753,effertz.syble@example.net,,,,,
Terrence Howe,398.439.1274 x9110,arturo26@example.net,,,,,
Bertram Harber,410-612-1222 x9345,adriana.dubuque@example.com,,,,,
Dr. Delpha Reynolds,(867) 367-9137 x022,tavares94@example.com,,,,,
Alanis Legros,(281) 555-9766 x50575,rweimann@example.net,,,,,
Walter Heidenreich,1-498-414-8724,clemke@example.com,,,,,
Nyasia Powlowski,763-370-8831,vdare@example.com,,,,,
Dane Davis,424.941.8890 x052,elockman@example.net,,,,,
Dr. Toney Monahan IV,513.986.9417 x0667,agaylord@example.com,,,,,
Imogene Kertzmann,679.744.1768 x21820,claudia82@example.com,,,,,
Brycen Schmeler,1-371-714-7588,asia.herman@example.com,,,,,
Durward Harvey,+1 (587) 378-4835,gulgowski.kaitlin@example.com,,,,,
Ottilie Dicki,1-703-877-4821,othompson@example.org,,,,,
Ivah Kiehn I,1-797-795-8496 x06534,nash.tremblay@example.org,,,,,
Laurianne Koss,(481) 750-7862 x4112,issac25@example.net,,,,,
Katelyn Legros,1-934-434-4347 x83483,ari89@example.net,,,,,
Naomie Waters,1-520-243-7067 x263,thelma74@example.net,,,,,
Nickolas Schulist,-3144,pkoss@example.net,,,,,
Mrs. Magdalen Marks DVM,772.812.4489 x0938,antoinette.dibbert@example.org,,,,,
Ms. Alessia Schaden IV,921.683.6421,lillian.sanford@example.org,,,,,
Emmet Gottlieb,1-712-931-6011,nola21@example.org,,,,,
Ms. Teagan Ziemann,-5946,zwilderman@example.net,,,,,
Micheal Hilpert MD,(539) 785-3045,modesto.rogahn@example.org,,,,,
Lillian Daugherty PhD,1-861-665-2012 x5899,vito92@example.com,,,,,
Maymie Schoen,361.903.3953 x333,bridget.green@example.net,,,,,
Kacey Rice,659.405.9100,bayer.nikita@example.com,,,,,
Alexie Gutkowski,929.566.1145 x933,stanton.don@example.net,,,,,
Granville Hammes MD,1-646-868-7626 x749,ashields@example.com,,,,,
Zelda Kilback,245-204-0540,elvera.langworth@example.net,,,,,
Enos Reilly,647-559-1076 x4557,gibson.dennis@example.com,,,,,
Martina Kutch Sr.,259.386.3066 x001,emmie11@example.com,,,,,
Amanda Krajcik,258-884-8389,zglover@example.net,,,,,
Luigi Haag,1-674-443-6271 x3397,funk.mariah@example.org,,,,,
Hudson Ferry,1-636-458-0325,lillian.goyette@example.org,,,,,
Bret Crooks,970-912-2873,rhiannon.hirthe@example.com,,,,,
Mr. Laverna Hintz,1-604-709-2009 x4337,cordie.vandervort@example.com,,,,,
Dr. Name Marvin,1-656-839-8409,dhand@example.net,,,,,
Ms. Stephanie Ebert,(634) 919-3142,nichole62@example.net,,,,,
Sidney Klocko,(873) 704-8313 x64655,jcartwright@example.com,,,,,
Dr. Daphnee King IV,960-487-4588,adell87@example.com,,,,,
Rylan Stracke,(431) 992-8118 x18973,kira.collins@example.net,,,,,
Bertram Kunze,13244914956,giovani.jast@example.org,,,,,
Merritt Stokes,876.798.0498 x78372,ezekiel19@example.net,,,,,
Ike Turcotte,+1 (837) 417-1211,emerson.cummerata@example.org,,,,,
Cesar Renner,537-661-0996 x4123,turner.gutmann@example.com,,,,,
Miss Rubye Turcotte,-10775,schaefer.unique@example.com,,,,,
Onie Ullrich,237.206.8949 x554,zruecker@example.net,,,,,
Clementine Balistreri,+1.394.344.2241,heber.hettinger@example.com,,,,,
Prof. Royce Breitenberg IV,-10557,morar.jonathon@example.com,,,,,
Vincenza Grant,1-349-399-1332,weissnat.josue@example.net,,,,,
Dr. Evelyn Durgan,792.675.3091 x8496,irunte@example.org,,,,,
Wilfrid Wolff,(318) 272-9860,prosacco.armando@example.org,,,,,
Geo Beahan,637-348-6887 x098,al.quigley@example.org,,,,,
Prof. Madie Sipes V,269-805-4055,skiles.alice@example.com,,,,,
Bell Lockman Sr.,603-370-7539,rosenbaum.kieran@example.com,,,,,
Christiana Swaniawski,1-351-712-5427 x78036,clementine31@example.net,,,,,
Prudence Kohler,-4568,tkeebler@example.org,,,,,
Anibal Emmerich,817-268-9929,bbins@example.org,,,,,
Mr. Vladimir Ratke DVM,(983) 501-1895 x388,jacobi.betsy@example.net,,,,,
Ivory Kertzmann V,(661) 729-0204,olaf86@example.org,,,,,
Dr. Daniela Tromp,(625) 877-3527,metz.joyce@example.net,,,,,
Prof. Yazmin Crooks,609-782-6705 x92439,qvonrueden@example.net,,,,,
Dolores Ferry V,(918) 532-3180 x95803,kuphal.efren@example.net,,,,,
Dedrick Heathcote,750.459.5027 x354,langosh.griffin@example.net,,,,,
Mr. Heber Treutel,1-497-312-1608 x602,carmen73@example.org,,,,,
Roslyn Fahey,775.765.4543,carmen.quitzon@example.com,,,,,
Jovani Cruickshank,(970) 954-5461 x32446,willms.golda@example.com,,,,,
Hassan Kozey MD,1-394-297-0031,chandler.haley@example.org,,,,,
Joey Schamberger,(574) 802-8962,lydia.schuster@example.net,,,,,
Juliet Waelchi,(283) 655-9026 x42976,jolie07@example.org,,,,,
Prof. Ronaldo Lindgren III,717.204.3545 x33149,mcdermott.amari@example.org,,,,,
Zoila Carroll,1-359-675-5893 x22889,merl.dibbert@example.org,,,,,
Alivia Kunde,1-953-596-1889 x36768,chadd.quigley@example.com,,,,,
Dr. Kamryn Gerhold III,1-439-258-4343 x6719,morris18@example.com,,,,,
Mr. John Huel,-3250,ollie.bosco@example.net,,,,,
Christiana Veum,936-773-7942,stiedemann.patricia@example.com,,,,,
Travon Koch DDS,398-754-0614 x959,chirthe@example.org,,,,,
Cathy Jast DVM,501.898.7505 x1630,schroeder.mabel@example.net,,,,,
Ms. Juliana Hamill,536.532.4150 x14489,drunolfsdottir@example.org,,,,,
Roscoe Rosenbaum Jr.,+1 (274) 688-5928,ojast@example.net,,,,,
Jo Gaylord,1-498-421-8848,bwolf@example.net,,,,,
Jazmyne Spencer,273.978.2992,ogleason@example.org,,,,,
Monte Keebler,449-437-9204,edd00@example.org,,,,,
Prof. Janis Bednar,646.256.1290 x73205,brannon53@example.com,,,,,
Dr. Alfonzo Abernathy II,991-598-4690 x094,vanderson@example.org,,,,,
Eda Hayes,756-358-6132 x67961,guillermo61@example.com,,,,,
Dr. Lorena Frami,(289) 335-1042 x8418,grant.clark@example.net,,,,,
Lucile Mueller,14726710372,imclaughlin@example.net,,,,,
